{
  "Users": [
    {
      "ID": "126",
      "Name": "abchuiyiture",
      "Email": "accd@gmail.com",
      "Class": "btech",
      "Year": "2017",
      "City": "Hyderabad",
      "Country": "India",
      "id": 9
    },
    {
      "ID": "12345iuo",
      "Name": "abcd",
      "Email": "fh",
      "Class": "dfdf",
      "Year": "2017",
      "City": "Hyderabad",
      "Country": "India",
      "id": 11
    },
    {
      "ID": "venku",
      "Name": "abcd",
      "Email": "eref",
      "Class": "btech",
      "Year": "WE",
      "City": "",
      "Country": "India",
      "id": 12
    },
    {
      "ID": "wetrtretgr",
      "Name": "dgff",
      "Email": "sdf",
      "Class": "dff",
      "Year": "sf",
      "City": "sd",
      "Country": "sfsf",
      "id": 13
    },
    {
      "ID": "parararararrarararara",
      "Name": "abchuiyiture",
      "Email": "eref",
      "Class": "dfdf",
      "Year": "2017",
      "City": "Hyderabad",
      "Country": "India",
      "id": 14
    },
    {
      "ID": "ghghg",
      "Name": "zxxx",
      "Email": "dddd@dddd.com",
      "Class": "23",
      "Year": "222",
      "City": "hyderabad",
      "Country": "india",
      "id": 15
    },
    {
      "ID": "ghghg",
      "Name": "zxxx",
      "Email": "dddd@dddd.com",
      "Class": "23",
      "Year": "222",
      "City": "hyderabad",
      "Country": "india",
      "id": 16
    },
    {
      "ID": "1",
      "Name": "www",
      "Email": "dddd@dddd.com",
      "Class": "11",
      "Year": "11",
      "City": "ddd",
      "Country": "ssss",
      "id": 17
    }
  ]
}